genre_primary,format,book_count
Adventure,novel,5
Children's Fiction,novel,1
Fantasy,novel,3
Gothic,novel,3
Horror,novel,1
Horror,novella,1
Mystery,short-story collection,1
Romance,novel,1
Sci-Fi,novel,2
Sci-Fi,novella,1
Tragedy,play,1
